suburb,postcode,council,median_house_price_12m,house_sales_12m,change_1y_pct,change_5y_pct,typical_block_m2,land_per_m2,price_rank,url,house_rent_week,house_bonds,rent_level,gross_yield_pct,house_rent_change_1y_pct,house_rent_change_5y_pct,unit_rent_week,unit_bonds,unit_rent_level
Aberfoyle Park,5159,Onkaparinga,940000,130,11.2,80.8,701,1341,155,https://aldo.today/adelaide/aberfoyle-park,675,20,suburb,3.7,12.5,65.4,,,none
Adelaide,5000,Adelaide,1555000,23,31.2,,178,,38,https://aldo.today/adelaide/adelaide,630,110,suburb,,0.0,43.2,524,1100,suburb
Adelaide Airport,5950,West Torrens,,0,,,6981303,,,https://aldo.today/adelaide/adelaide-airport,,,none,,,,,,none
Albert Park,5014,Charles Sturt,980000,35,11.2,,691,1418,147,https://aldo.today/adelaide/albert-park,600,15,suburb,3.2,3.8,64.4,450,30,postcode
Alberton,5014,Port Adelaide Enfield,918450,16,24.1,91.7,501,1833,,https://aldo.today/adelaide/alberton,600,60,postcode,,5.3,50.0,450,30,postcode
Aldgate,5154,Adelaide Hills,1420000,29,-7.7,46.2,2389,594,50,https://aldo.today/adelaide/aldgate,,,none,,,,,,none
Aldinga,5173,Onkaparinga,879800,7,8,,631,1394,,https://aldo.today/adelaide/aldinga,600,90,postcode,,3.4,63.0,488,10,postcode
Aldinga Beach,5173,Onkaparinga,840000,223,7,89.8,653,1286,209,https://aldo.today/adelaide/aldinga-beach,600,80,suburb,3.7,3.4,63.0,488,10,suburb
Allenby Gardens,5009,Charles Sturt,1196500,21,-0.3,76.6,526,2275,85,https://aldo.today/adelaide/allenby-gardens,650,30,postcode,,18.2,85.7,480,25,postcode
Andrews Farm,5114,Playford,730000,221,21.6,126.5,413,1768,242,https://aldo.today/adelaide/andrews-farm,575,115,suburb,4.1,4.5,69.1,570,10,suburb
Angle Park,5010,Port Adelaide Enfield,890000,17,18.3,,380,2342,,https://aldo.today/adelaide/angle-park,650,15,suburb,,,,,,none
Angle Vale,5117,Playford,853500,187,8,42.3,542,1575,204,https://aldo.today/adelaide/angle-vale,640,95,suburb,3.9,3.2,,,,none
Ascot Park,5043,Marion,1036000,26,21.4,91.1,376,2755,129,https://aldo.today/adelaide/ascot-park,625,15,suburb,3.1,4.2,45.3,540,10,suburb
Ashford,5035,West Torrens,,0,,,455,,,https://aldo.today/adelaide/ashford,675,25,postcode,,7.1,45.8,520,10,suburb
Ashton,5137,Adelaide Hills,,2,,,12220,,,https://aldo.today/adelaide/ashton,,,none,,,,,,none
Athelstone,5076,Campbelltown,1085000,128,16.4,81.4,657,1651,110,https://aldo.today/adelaide/athelstone,650,25,suburb,3.1,8.3,52.9,,,none
Athol Park,5012,Charles Sturt,880000,17,5.7,76.2,587,1499,,https://aldo.today/adelaide/athol-park,630,15,suburb,,,,375,30,postcode
Auldana,5072,Burnside,,3,,,1222,,,https://aldo.today/adelaide/auldana,740,50,postcode,,9.6,62.6,565,30,postcode
Balhannah,5242,Adelaide Hills,1015000,15,26.9,,1256,808,,https://aldo.today/adelaide/balhannah,,,none,,,,,,none
Banksia Park,5091,Tea Tree Gully,875000,59,17.1,61.4,767,1141,193,https://aldo.today/adelaide/banksia-park,650,15,suburb,3.9,10.2,,,,none
Basket Range,5138,Adelaide Hills,,1,,,33139,,,https://aldo.today/adelaide/basket-range,,,none,,,,,,none
Beaumont,5066,Burnside,1892875,46,11.3,57.7,822,2303,18,https://aldo.today/adelaide/beaumont,770,30,postcode,,-4.9,32.8,500,15,postcode
Bedford Park,5042,Mitcham,987500,16,12.2,132.4,760,1299,,https://aldo.today/adelaide/bedford-park,550,10,suburb,,-21.4,,495,40,postcode
Belair,5052,Mitcham,1330000,60,10.2,46.2,1338,994,66,https://aldo.today/adelaide/belair,875,10,suburb,3.4,,,,,none
Bellevue Heights,5050,Mitcham,1146500,44,15.5,76.7,984,1165,95,https://aldo.today/adelaide/bellevue-heights,650,15,postcode,,8.3,30.0,,,none
Beulah Park,5067,Burnside,1595000,18,-3.3,61.5,483,3302,,https://aldo.today/adelaide/beulah-park,675,10,suburb,,,68.8,620,100,postcode
Beverley,5009,Charles Sturt,1100000,24,32.5,63,714,1541,103,https://aldo.today/adelaide/beverley,690,10,suburb,,32.7,,469,10,suburb
Bibaringa,5118,Playford,,0,,,42433,,,https://aldo.today/adelaide/bibaringa,580,90,postcode,,5.5,65.7,490,20,postcode
Birdwood,5234,Adelaide Hills,725000,25,11.1,,2527,287,244,https://aldo.today/adelaide/birdwood,,,none,,,,,,none
Birkenhead,5015,Port Adelaide Enfield,840000,33,-3.6,53.4,412,2039,210,https://aldo.today/adelaide/birkenhead,620,45,postcode,,0.8,44.2,550,30,postcode
Black Forest,5035,Unley,1500000,11,7.3,39.4,699,2146,,https://aldo.today/adelaide/black-forest,675,25,postcode,,7.1,45.8,505,30,postcode
Blackwood,5051,Mitcham,1100000,48,4.8,60.3,1064,1034,104,https://aldo.today/adelaide/blackwood,690,25,postcode,,9.5,32.7,525,10,postcode
Blair Athol,5084,Port Adelaide Enfield,875500,121,-2.7,73.4,454,1928,191,https://aldo.today/adelaide/blair-athol,595,45,suburb,3.5,-3.7,36.8,480,35,postcode
Blakeview,5114,Playford,720000,181,13.9,96.7,447,1611,245,https://aldo.today/adelaide/blakeview,590,80,suburb,4.3,7.3,68.6,321,35,postcode
Blewitt Springs,5171,Onkaparinga,,0,,,42141,,,https://aldo.today/adelaide/blewitt-springs,673,10,postcode,,,64.1,,,none
Bolivar,5110,Salisbury,,0,,,18422,,,https://aldo.today/adelaide/bolivar,600,45,postcode,,2.0,71.4,,,none
Bowden,5007,Charles Sturt,1225000,17,193,,222,,,https://aldo.today/adelaide/bowden,650,20,suburb,,,35.4,449,65,suburb
Bradbury,5153,Adelaide Hills,,2,,,44004,,,https://aldo.today/adelaide/bradbury,,,none,,,,,,none
Brahma Lodge,5109,Salisbury,735000,58,13.3,119.4,688,1068,240,https://aldo.today/adelaide/brahma-lodge,580,30,suburb,4.1,3.9,65.7,500,15,postcode
Bridgewater,5155,Adelaide Hills,1060000,65,7.1,70.4,1030,1029,119,https://aldo.today/adelaide/bridgewater,,,none,,,,,,none
Brighton,5048,Holdfast Bay,1428000,47,3.5,15.2,558,2559,48,https://aldo.today/adelaide/brighton,825,15,suburb,3.0,13.8,68.4,540,15,suburb
Broadview,5083,Port Adelaide Enfield,1173000,44,12.8,77.2,564,2080,89,https://aldo.today/adelaide/broadview,600,25,suburb,2.7,-3.2,42.9,500,15,suburb
Brompton,5007,Charles Sturt,1126500,32,18.5,64.6,255,,101,https://aldo.today/adelaide/brompton,665,30,suburb,3.1,25.5,35.7,560,10,suburb
Brooklyn Park,5032,West Torrens,1165000,33,24.8,78.1,679,1716,90,https://aldo.today/adelaide/brooklyn-park,640,15,suburb,2.9,4.9,70.7,460,40,suburb
Brown Hill Creek,5062,Mitcham,,0,,,46135,,,https://aldo.today/adelaide/brown-hill-creek,700,25,postcode,,3.2,27.3,530,20,postcode
Buckland Park,5120,Playford,,0,,,80624,,,https://aldo.today/adelaide/buckland-park,693,65,postcode,,6.6,116.6,,,none
Burnside,5066,Burnside,1825000,32,7,52.1,736,2480,22,https://aldo.today/adelaide/burnside,740,10,suburb,2.1,-15.9,23.3,500,15,postcode
Burton,5110,Salisbury,735000,83,8.1,90.9,582,1263,241,https://aldo.today/adelaide/burton,600,30,suburb,4.2,0.0,66.7,,,none
Camden Park,5038,West Torrens,1180000,25,16.5,81.2,520,2269,86,https://aldo.today/adelaide/camden-park,693,15,suburb,3.1,1.2,49.7,550,25,suburb
Campbelltown,5074,Campbelltown,1165000,102,17.7,95,464,2511,91,https://aldo.today/adelaide/campbelltown,670,55,suburb,3.0,-1.5,49.6,543,30,suburb
Carey Gully,5144,Adelaide Hills,,0,,,31956,,,https://aldo.today/adelaide/carey-gully,,,none,,,,,,none
Castambul,5076,Adelaide Hills,,0,,,119719,,,https://aldo.today/adelaide/castambul,650,25,postcode,,8.3,52.9,,,none
Cavan,5094,Salisbury,,0,,,2408,,,https://aldo.today/adelaide/cavan,,,none,,,,,,none
Chandlers Hill,5159,Onkaparinga,1130000,8,16.8,,4961,228,,https://aldo.today/adelaide/chandlers-hill,645,75,postcode,,2.4,46.6,,,none
Charleston,5244,Adelaide Hills,,1,,,2489,,,https://aldo.today/adelaide/charleston,590,15,postcode,,,59.5,,,none
Cheltenham,5014,Charles Sturt,1027500,31,-11.8,66.3,664,1547,130,https://aldo.today/adelaide/cheltenham,600,10,suburb,3.0,,,450,30,postcode
Cherry Gardens,5157,Onkaparinga,,0,,,33389,,,https://aldo.today/adelaide/cherry-gardens,,,none,,,,,,none
Cherryville,5134,Adelaide Hills,,0,,,22695,,,https://aldo.today/adelaide/cherryville,,,none,,,,,,none
Christie Downs,5164,Onkaparinga,771000,93,21.7,120.9,704,1095,229,https://aldo.today/adelaide/christie-downs,550,30,suburb,3.7,5.8,66.7,362,10,suburb
Christies Beach,5165,Onkaparinga,920000,137,16,124.4,694,1326,163,https://aldo.today/adelaide/christies-beach,600,75,suburb,3.4,9.1,69.0,500,20,suburb
Clapham,5062,Mitcham,1319000,23,18.6,70.2,729,1809,68,https://aldo.today/adelaide/clapham,700,25,postcode,,3.2,27.3,530,20,postcode
Clarence Gardens,5039,Mitcham,1490000,28,20.6,96.4,699,2132,45,https://aldo.today/adelaide/clarence-gardens,650,45,postcode,,4.3,44.4,450,20,postcode
Clarence Park,5034,Unley,1450500,23,15.1,,645,2249,46,https://aldo.today/adelaide/clarence-park,680,25,postcode,,-7.9,23.6,495,10,suburb
Clarendon,5157,Onkaparinga,,3,,,20770,,,https://aldo.today/adelaide/clarendon,,,none,,,,,,none
Clearview,5085,Port Adelaide Enfield,907500,79,8.5,74.9,443,2049,173,https://aldo.today/adelaide/clearview,680,45,suburb,3.9,12.4,64.6,450,35,postcode
Cleland,5152,Adelaide Hills,,0,,,87482,,,https://aldo.today/adelaide/cleland,,,none,,,,,,none
Clovelly Park,5042,Marion,978000,37,10.9,65.8,501,1952,148,https://aldo.today/adelaide/clovelly-park,650,15,suburb,3.5,3.2,54.8,495,40,postcode
College Park,5069,Norwood Payneham & St Peters,3000000,6,-0.5,,713,4208,,https://aldo.today/adelaide/college-park,695,10,suburb,,,33.7,530,35,postcode
Collinswood,5081,Prospect,2400000,8,26.8,129.7,625,3840,,https://aldo.today/adelaide/collinswood,750,50,postcode,,0.7,63.0,450,10,suburb
Colonel Light Gardens,5041,Mitcham,1760000,36,17.3,126.8,728,2418,26,https://aldo.today/adelaide/colonel-light-gardens,735,30,postcode,,7.3,54.7,530,20,postcode
Coromandel East,5157,Onkaparinga,,0,,,27515,,,https://aldo.today/adelaide/coromandel-east,,,none,,,,,,none
Coromandel Valley,5051,Onkaparinga,1150000,57,21.1,78.3,1127,1020,94,https://aldo.today/adelaide/coromandel-valley,650,10,suburb,2.9,8.3,,525,10,postcode
Cowandilla,5033,West Torrens,965000,14,1.6,44,653,1478,,https://aldo.today/adelaide/cowandilla,620,50,postcode,,-2.8,55.0,460,35,postcode
Crafers,5152,Adelaide Hills,1368778,23,-3.9,53.6,2009,681,58,https://aldo.today/adelaide/crafers,,,none,,,,,,none
Crafers West,5152,Adelaide Hills,1250500,12,-11.9,84.3,2492,502,,https://aldo.today/adelaide/crafers-west,,,none,,,,,,none
Craigburn Farm,5051,Mitcham,1526000,39,14.3,48.5,689,2215,39,https://aldo.today/adelaide/craigburn-farm,690,25,postcode,,9.5,32.7,525,10,postcode
Craigmore,5114,Playford,729250,180,14.2,114.5,631,1156,243,https://aldo.today/adelaide/craigmore,580,50,suburb,4.1,2.7,75.8,321,35,postcode
Croydon,5008,Charles Sturt,1512810,19,9,85.6,690,2192,,https://aldo.today/adelaide/croydon,600,100,postcode,,-3.2,62.2,490,35,postcode
Croydon Park,5008,Port Adelaide Enfield,1100000,57,23.2,111.5,698,1576,105,https://aldo.today/adelaide/croydon-park,473,30,suburb,2.2,-27.2,27.8,510,10,suburb
Cumberland Park,5041,Mitcham,1492500,27,7.6,73,711,2099,44,https://aldo.today/adelaide/cumberland-park,735,30,postcode,,7.3,54.7,530,20,postcode
Darlington,5047,Onkaparinga,1000000,20,8.5,,749,1335,135,https://aldo.today/adelaide/darlington,650,55,postcode,,0.0,49.4,300,10,postcode
Davoren Park,5113,Playford,656000,149,15.6,178,584,1123,259,https://aldo.today/adelaide/davoren-park,500,125,suburb,4.0,1.0,81.8,364,25,postcode
Daw Park,5041,Mitcham,1415500,24,23.3,72.6,657,2154,51,https://aldo.today/adelaide/daw-park,690,10,suburb,2.5,-10.4,36.6,550,10,suburb
Dernancourt,5075,Tea Tree Gully,990000,77,11.7,73.5,657,1507,143,https://aldo.today/adelaide/dernancourt,685,15,suburb,3.6,7.0,71.3,498,10,postcode
Devon Park,5008,Port Adelaide Enfield,1165000,27,38.7,,426,2735,92,https://aldo.today/adelaide/devon-park,700,15,suburb,,,66.7,490,10,suburb
Direk,5110,Salisbury,750000,6,14.8,,378,1984,,https://aldo.today/adelaide/direk,600,45,postcode,,2.0,71.4,,,none
Dorset Vale,5157,Adelaide Hills,,0,,,75355,,,https://aldo.today/adelaide/dorset-vale,,,none,,,,,,none
Dover Gardens,5048,Marion,1050000,50,13.3,90.6,386,2720,124,https://aldo.today/adelaide/dover-gardens,690,25,suburb,3.4,6.2,50.0,500,25,postcode
Dry Creek,5094,Port Adelaide Enfield,688000,7,17.6,,1868,368,,https://aldo.today/adelaide/dry-creek,,,none,,,,,,none
Dudley Park,5008,Port Adelaide Enfield,,3,,,680,,,https://aldo.today/adelaide/dudley-park,600,100,postcode,,-3.2,62.2,490,35,postcode
Dulwich,5065,Burnside,2100000,15,4.9,44.8,609,3448,,https://aldo.today/adelaide/dulwich,780,40,postcode,,-6.0,23.8,550,60,postcode
Eastwood,5063,Burnside,1565000,9,36.1,,381,4108,,https://aldo.today/adelaide/eastwood,718,55,postcode,,3.3,37.3,565,65,postcode
Eden Hills,5050,Mitcham,1177500,42,21.2,62.2,1198,983,88,https://aldo.today/adelaide/eden-hills,650,10,suburb,2.9,0.0,21.5,,,none
Edinburgh,5111,Salisbury,,0,,,17773,,,https://aldo.today/adelaide/edinburgh,,,none,,,,,,none
Edinburgh North,5113,Playford,,0,,,4110,,,https://aldo.today/adelaide/edinburgh-north,500,355,postcode,,6.4,75.4,364,25,postcode
Edwardstown,5039,Marion,1002500,67,-1,54.8,674,1487,134,https://aldo.today/adelaide/edwardstown,645,25,suburb,3.3,-0.8,50.0,450,10,suburb
Elizabeth,5112,Playford,697500,14,22.4,146.9,852,819,,https://aldo.today/adelaide/elizabeth,520,10,suburb,,-1.0,92.6,458,25,postcode
Elizabeth Downs,5113,Playford,635000,130,13.4,176.1,702,905,263,https://aldo.today/adelaide/elizabeth-downs,510,100,suburb,4.2,6.3,78.9,364,25,postcode
Elizabeth East,5112,Playford,682500,98,13.7,147.7,766,891,255,https://aldo.today/adelaide/elizabeth-east,510,55,suburb,3.9,6.3,70.0,458,25,postcode
Elizabeth Grove,5112,Playford,690000,27,13.6,137.9,796,867,254,https://aldo.today/adelaide/elizabeth-grove,500,45,suburb,3.8,8.7,83.2,458,25,postcode
Elizabeth North,5113,Playford,667500,60,18.1,184,621,1075,258,https://aldo.today/adelaide/elizabeth-north,500,75,suburb,3.9,16.3,78.6,364,25,postcode
Elizabeth Park,5113,Playford,637000,91,15.4,145,676,942,262,https://aldo.today/adelaide/elizabeth-park,500,55,suburb,4.1,2.0,72.4,320,10,suburb
Elizabeth South,5112,Playford,650000,35,12.1,137.7,770,844,260,https://aldo.today/adelaide/elizabeth-south,480,25,suburb,3.8,9.1,71.4,458,25,postcode
Elizabeth Vale,5112,Playford,698000,60,9.1,152.9,772,904,252,https://aldo.today/adelaide/elizabeth-vale,498,55,suburb,3.7,1.6,84.4,538,20,suburb
Enfield,5085,Port Adelaide Enfield,932000,93,14,81,421,2214,160,https://aldo.today/adelaide/enfield,650,55,suburb,3.6,-2.3,58.5,450,15,suburb
Erindale,5066,Burnside,2000000,17,-9,,776,2577,,https://aldo.today/adelaide/erindale,770,30,postcode,,-4.9,32.8,500,15,postcode
Ethelton,5015,Port Adelaide Enfield,815000,19,-6.9,,445,1831,,https://aldo.today/adelaide/ethelton,620,45,postcode,,0.8,44.2,550,30,postcode
Evandale,5069,Norwood Payneham & St Peters,1837500,14,57.7,,544,3378,,https://aldo.today/adelaide/evandale,710,40,postcode,,4.4,39.2,420,10,suburb
Evanston,5116,Gawler,700000,54,15.9,119.8,593,1180,251,https://aldo.today/adelaide/evanston,505,15,suburb,3.8,-1.9,53.0,,,none
Evanston Gardens,5116,Gawler,670000,67,7.5,122,435,1540,257,https://aldo.today/adelaide/evanston-gardens,580,30,suburb,4.5,5.5,68.1,,,none
Evanston Park,5116,Gawler,767500,69,13,99.4,686,1119,231,https://aldo.today/adelaide/evanston-park,600,20,suburb,4.1,0.0,57.9,,,none
Evanston South,5116,Gawler,785000,18,19.4,,446,1760,,https://aldo.today/adelaide/evanston-south,600,10,suburb,,,,,,none
Everard Park,5035,Unley,1540000,7,21.3,,709,2172,,https://aldo.today/adelaide/everard-park,675,25,postcode,,7.1,45.8,488,10,suburb
Exeter,5019,Port Adelaide Enfield,987500,15,7.9,,424,2329,,https://aldo.today/adelaide/exeter,680,45,postcode,,4.6,51.1,550,40,postcode
Eyre,5121,Playford,703528,48,20.6,85.1,376,1871,249,https://aldo.today/adelaide/eyre,590,35,suburb,4.4,2.6,,,,none
Fairview Park,5126,Tea Tree Gully,905000,57,15.4,79.2,712,1271,174,https://aldo.today/adelaide/fairview-park,665,15,suburb,3.8,11.2,66.3,,,none
Felixstow,5070,Norwood Payneham & St Peters,1304000,44,16.7,126.8,525,2484,69,https://aldo.today/adelaide/felixstow,720,10,suburb,2.9,30.9,63.6,550,75,postcode
Ferryden Park,5010,Port Adelaide Enfield,918888,39,14.1,,421,2183,168,https://aldo.today/adelaide/ferryden-park,650,25,suburb,3.7,8.3,60.5,,,none
Findon,5023,Charles Sturt,1085000,93,18.1,137.9,458,2369,111,https://aldo.today/adelaide/findon,675,30,suburb,3.2,8.0,50.0,525,35,suburb
Firle,5070,Norwood Payneham & St Peters,1184000,18,-8.6,36.1,652,1816,,https://aldo.today/adelaide/firle,650,15,suburb,,,,550,75,postcode
Fitzroy,5082,Prospect,2398750,6,5.8,,753,3186,,https://aldo.today/adelaide/fitzroy,650,65,postcode,,3.2,44.4,500,80,postcode
Flagstaff Hill,5159,Onkaparinga,1066000,151,14.8,57.5,828,1287,118,https://aldo.today/adelaide/flagstaff-hill,625,20,suburb,3.0,-8.8,20.2,,,none
Flinders Park,5025,Charles Sturt,1263500,81,22.4,77.2,610,2071,74,https://aldo.today/adelaide/flinders-park,625,30,suburb,2.6,-3.8,38.9,470,15,postcode
Forestville,5035,Unley,,5,,,560,,,https://aldo.today/adelaide/forestville,675,25,postcode,,7.1,45.8,505,30,postcode
Frewville,5063,Burnside,1640000,11,5.8,,435,3770,,https://aldo.today/adelaide/frewville,718,55,postcode,,3.3,37.3,565,65,postcode
Fulham,5024,West Torrens,1620000,56,17.8,85.6,703,2304,35,https://aldo.today/adelaide/fulham,755,15,suburb,2.4,3.4,57.3,520,35,postcode
Fulham Gardens,5024,Charles Sturt,1380000,91,10.7,70.4,602,2292,57,https://aldo.today/adelaide/fulham-gardens,700,40,suburb,2.6,-7.9,40.0,513,10,suburb
Fullarton,5063,Unley,1756500,21,21.8,46.4,606,2899,27,https://aldo.today/adelaide/fullarton,750,15,suburb,2.2,11.9,40.2,550,25,suburb
Gawler,5118,Gawler,631500,16,-12.8,68.4,664,951,,https://aldo.today/adelaide/gawler,580,90,postcode,,5.5,65.7,490,20,postcode
Gawler East,5118,Gawler,760000,135,3.4,67.1,787,966,233,https://aldo.today/adelaide/gawler-east,593,40,suburb,4.1,1.4,41.2,490,20,postcode
Gawler South,5118,Gawler,775000,48,13.1,101.3,737,1052,228,https://aldo.today/adelaide/gawler-south,535,20,suburb,3.6,11.5,57.4,470,10,suburb
Gawler West,5118,Gawler,648000,20,5.5,147.6,684,947,261,https://aldo.today/adelaide/gawler-west,580,10,suburb,4.7,,,490,20,postcode
Gepps Cross,5094,Port Adelaide Enfield,,3,,,713,,,https://aldo.today/adelaide/gepps-cross,,,none,,,,,,none
Gilberton,5081,Walkerville,4037900,11,168.3,,432,9347,,https://aldo.today/adelaide/gilberton,730,10,suburb,,,,525,40,postcode
Gilles Plains,5086,Port Adelaide Enfield,875000,60,11,69.9,435,2011,194,https://aldo.today/adelaide/gilles-plains,600,20,suburb,3.6,-0.8,42.9,423,25,postcode
Gillman,5013,Port Adelaide Enfield,,5,,,529,,,https://aldo.today/adelaide/gillman,560,70,postcode,,-4.3,53.4,409,20,postcode
Glandore,5037,West Torrens,1382500,27,22.2,70.7,688,2009,56,https://aldo.today/adelaide/glandore,645,10,suburb,2.4,,158.0,500,35,postcode
Glanville,5015,Port Adelaide Enfield,870000,13,8.6,93.3,387,2248,,https://aldo.today/adelaide/glanville,620,45,postcode,,0.8,44.2,550,30,postcode
Glen Osmond,5064,Burnside,2034000,25,25.3,42.4,834,2439,12,https://aldo.today/adelaide/glen-osmond,958,10,suburb,,,,555,20,postcode
Glenalta,5052,Mitcham,1020000,32,12.1,46.3,915,1115,132,https://aldo.today/adelaide/glenalta,850,10,postcode,,0.0,,,,none
Glenelg,5045,Holdfast Bay,2475000,10,68.4,,423,5851,,https://aldo.today/adelaide/glenelg,700,60,postcode,,0.0,40.0,595,55,suburb
Glenelg East,5045,Holdfast Bay,1827000,32,7.5,45,704,2595,21,https://aldo.today/adelaide/glenelg-east,713,15,suburb,2.0,13.2,42.6,500,25,suburb
Glenelg North,5045,Holdfast Bay,1410000,70,4.8,58,564,2500,53,https://aldo.today/adelaide/glenelg-north,700,35,suburb,2.6,-1.8,29.6,540,40,suburb
Glenelg South,5045,Holdfast Bay,2100000,14,-4.5,25.4,580,3621,,https://aldo.today/adelaide/glenelg-south,700,60,postcode,,0.0,40.0,570,10,suburb
Glengowrie,5044,Marion,1415000,70,4.8,89.9,524,2700,52,https://aldo.today/adelaide/glengowrie,750,10,suburb,2.8,10.3,50.0,500,10,suburb
Glenside,5065,Burnside,1855000,16,7.8,,418,4438,,https://aldo.today/adelaide/glenside,645,10,suburb,,-20.4,-1.5,560,30,suburb
Glenunga,5064,Burnside,2271111,29,22.4,55.6,705,3221,10,https://aldo.today/adelaide/glenunga,760,35,postcode,,-5.0,57.3,550,10,suburb
Globe Derby Park,5110,Salisbury,,0,,,5004,,,https://aldo.today/adelaide/globe-derby-park,600,45,postcode,,2.0,71.4,,,none
Glynde,5070,Norwood Payneham & St Peters,1350125,24,10,,693,1948,62,https://aldo.today/adelaide/glynde,720,15,suburb,2.8,,53.2,550,75,postcode
Golden Grove,5125,Tea Tree Gully,940000,143,4.4,31.9,577,1629,156,https://aldo.today/adelaide/golden-grove,600,25,suburb,3.3,0.0,55.8,,,none
Goodwood,5034,Unley,1500000,27,-2.9,-9.8,518,2896,42,https://aldo.today/adelaide/goodwood,650,15,suburb,2.3,-13.3,16.1,530,15,suburb
Gould Creek,5114,Tea Tree Gully,,0,,,52768,,,https://aldo.today/adelaide/gould-creek,560,320,postcode,,3.7,69.7,321,35,postcode
Grange,5022,Charles Sturt,1690000,77,14.6,77.9,586,2884,29,https://aldo.today/adelaide/grange,830,30,suburb,2.6,3.8,40.7,463,10,suburb
Green Fields,5107,Salisbury,,3,,,2044,,,https://aldo.today/adelaide/green-fields,600,95,postcode,,3.4,66.7,,,none
Greenacres,5086,Port Adelaide Enfield,910000,46,1.1,53.9,398,2286,172,https://aldo.today/adelaide/greenacres,685,30,suburb,3.9,3.0,63.1,423,25,postcode
Greenhill,5140,Adelaide Hills,,3,,,1202,,,https://aldo.today/adelaide/greenhill,,,none,,,,,,none
Greenwith,5125,Tea Tree Gully,1000000,111,16.7,104.1,601,1664,136,https://aldo.today/adelaide/greenwith,635,20,suburb,3.3,4.1,61.6,,,none
Gulfview Heights,5096,Salisbury,991500,41,4,79.5,733,1353,142,https://aldo.today/adelaide/gulfview-heights,690,10,suburb,3.6,,60.5,,,none
Gumeracha,5233,Adelaide Hills,817000,12,-7.4,,1304,627,,https://aldo.today/adelaide/gumeracha,,,none,,,,,,none
Hackham,5163,Onkaparinga,750000,71,15.7,110.8,625,1200,237,https://aldo.today/adelaide/hackham,630,10,suburb,4.4,10.5,103.2,410,10,suburb
Hackham West,5163,Onkaparinga,755500,67,21.9,118,716,1055,235,https://aldo.today/adelaide/hackham-west,580,25,suburb,4.0,16.0,,440,10,postcode
Hackney,5069,Norwood Payneham & St Peters,,5,,,569,,,https://aldo.today/adelaide/hackney,710,40,postcode,,4.4,39.2,530,35,postcode
Hallett Cove,5158,Marion,1000000,155,12.9,64.2,674,1484,137,https://aldo.today/adelaide/hallett-cove,650,45,suburb,3.4,-3.4,44.4,,,none
Hampstead Gardens,5086,Port Adelaide Enfield,1255000,24,33.5,116,477,2631,76,https://aldo.today/adelaide/hampstead-gardens,680,95,postcode,,7.9,70.0,423,25,postcode
Happy Valley,5159,Onkaparinga,895500,137,12.6,81.3,710,1261,182,https://aldo.today/adelaide/happy-valley,640,35,suburb,3.7,1.6,52.4,,,none
Hawthorn,5062,Mitcham,1672500,15,1.7,-4.4,780,2144,,https://aldo.today/adelaide/hawthorn,700,25,postcode,,3.2,27.3,530,20,postcode
Hawthorndene,5051,Mitcham,1140000,34,25.1,60.3,1115,1022,96,https://aldo.today/adelaide/hawthorndene,690,25,postcode,,9.5,32.7,525,10,postcode
Hazelwood Park,5066,Burnside,1859000,22,-0.9,43.6,699,2660,19,https://aldo.today/adelaide/hazelwood-park,770,30,postcode,,-4.9,32.8,500,15,postcode
Heathfield,5153,Adelaide Hills,1495000,8,57.3,58.2,2349,636,,https://aldo.today/adelaide/heathfield,,,none,,,,,,none
Heathpool,5068,Norwood Payneham & St Peters,2362500,10,26,,704,3356,,https://aldo.today/adelaide/heathpool,700,55,postcode,,7.7,40.0,520,55,postcode
Hectorville,5073,Campbelltown,1210000,48,10.8,94.2,534,2266,84,https://aldo.today/adelaide/hectorville,700,20,suburb,3.0,7.7,55.6,515,15,suburb
Hendon,5014,Charles Sturt,950000,20,7.6,,447,2125,153,https://aldo.today/adelaide/hendon,600,60,postcode,,5.3,50.0,450,30,postcode
Henley Beach,5022,Charles Sturt,1750000,70,6.8,43.1,543,3223,28,https://aldo.today/adelaide/henley-beach,820,30,suburb,2.4,5.8,57.7,580,25,suburb
Henley Beach South,5022,Charles Sturt,1855000,31,0.7,61.3,441,4206,20,https://aldo.today/adelaide/henley-beach-south,840,15,suburb,2.4,99.1,52.7,510,20,suburb
Highbury,5089,Tea Tree Gully,1051500,87,18.3,86.9,728,1444,123,https://aldo.today/adelaide/highbury,680,25,suburb,3.4,9.7,70.0,,,none
Highgate,5063,Unley,1973000,18,10.8,57.6,690,2859,,https://aldo.today/adelaide/highgate,718,55,postcode,,3.3,37.3,660,10,suburb
Hillbank,5112,Playford,780000,97,8.6,89.1,654,1193,226,https://aldo.today/adelaide/hillbank,595,15,suburb,4.0,4.4,,458,25,postcode
Hillcrest,5086,Port Adelaide Enfield,973750,62,20.1,89.1,414,2352,150,https://aldo.today/adelaide/hillcrest,730,25,suburb,3.9,21.7,82.5,423,25,postcode
Hillier,5116,Gawler,776000,8,20.3,,20285,38,,https://aldo.today/adelaide/hillier,580,80,postcode,,5.5,70.6,,,none
Hilton,5033,West Torrens,1211000,10,19.3,,536,2259,,https://aldo.today/adelaide/hilton,650,10,suburb,,,,460,35,postcode
Hindmarsh,5007,Charles Sturt,,0,,,606,,,https://aldo.today/adelaide/hindmarsh,650,65,postcode,,4.8,35.4,480,85,postcode
Holden Hill,5088,Tea Tree Gully,882000,69,14.5,81.5,593,1487,189,https://aldo.today/adelaide/holden-hill,650,25,suburb,3.8,11.1,62.5,,,none
Hope Valley,5090,Tea Tree Gully,928750,87,9.3,81.9,688,1350,161,https://aldo.today/adelaide/hope-valley,608,20,suburb,3.4,-6.5,46.5,500,10,suburb
Horsnell Gully,5141,Adelaide Hills,,0,,,80426,,,https://aldo.today/adelaide/horsnell-gully,,,none,,,,,,none
Hove,5048,Holdfast Bay,1395000,34,22.4,90.7,579,2409,55,https://aldo.today/adelaide/hove,850,10,suburb,3.2,15.2,93.2,500,25,postcode
Humbug Scrub,5114,Playford,,0,,,41927,,,https://aldo.today/adelaide/humbug-scrub,560,320,postcode,,3.7,69.7,321,35,postcode
Huntfield Heights,5163,Onkaparinga,735275,62,6,83.8,651,1129,239,https://aldo.today/adelaide/huntfield-heights,580,20,suburb,4.1,5.5,61.1,440,10,postcode
Hyde Park,5061,Unley,2366000,21,-13.9,32.9,539,4390,5,https://aldo.today/adelaide/hyde-park,750,10,suburb,1.6,-36.2,,560,30,postcode
Ingle Farm,5098,Salisbury,835000,196,13.6,101.2,618,1351,214,https://aldo.today/adelaide/ingle-farm,623,75,suburb,3.9,7.4,64.8,,,none
Ironbank,5153,Adelaide Hills,,2,,,16960,,,https://aldo.today/adelaide/ironbank,,,none,,,,,,none
Joslin,5070,Norwood Payneham & St Peters,2190000,12,0.6,28.8,823,2661,,https://aldo.today/adelaide/joslin,700,65,postcode,,7.7,55.6,550,75,postcode
Kangarilla,5157,Onkaparinga,,2,,,30711,,,https://aldo.today/adelaide/kangarilla,,,none,,,,,,none
Kensington,5068,Norwood Payneham & St Peters,1406250,15,0.1,,393,3578,,https://aldo.today/adelaide/kensington,680,10,suburb,,,,520,15,suburb
Kensington Gardens,5068,Burnside,2337500,26,9.5,103.3,632,3699,7,https://aldo.today/adelaide/kensington-gardens,575,10,suburb,1.3,,,538,15,suburb
Kensington Park,5068,Burnside,2010000,34,9.5,37.7,660,3045,13,https://aldo.today/adelaide/kensington-park,783,10,suburb,2.0,4.4,42.4,523,10,suburb
Kent Town,5067,Norwood Payneham & St Peters,,2,,,223,,,https://aldo.today/adelaide/kent-town,775,10,suburb,,,,730,25,suburb
Kersbrook,5231,Adelaide Hills,955000,10,1.4,,38452,25,,https://aldo.today/adelaide/kersbrook,,,none,,,,,,none
Keswick,5035,West Torrens,,5,,,688,,,https://aldo.today/adelaide/keswick,675,25,postcode,,7.1,45.8,505,30,postcode
Keswick Terminal,5035,West Torrens,,0,,,11003,,,https://aldo.today/adelaide/keswick-terminal,675,25,postcode,,7.1,45.8,505,30,postcode
Kidman Park,5025,Charles Sturt,1217500,54,20.2,86.7,584,2085,83,https://aldo.today/adelaide/kidman-park,650,25,suburb,2.8,,27.5,470,15,postcode
Kilburn,5084,Port Adelaide Enfield,1000000,37,7.2,86.2,527,1898,138,https://aldo.today/adelaide/kilburn,450,50,suburb,2.3,-18.2,13.9,498,30,suburb
Kilkenny,5009,Charles Sturt,910000,16,5.8,40,599,1519,,https://aldo.today/adelaide/kilkenny,550,10,suburb,,,74.6,495,10,suburb
Kings Park,5034,Unley,1703250,7,-1.5,,769,2215,,https://aldo.today/adelaide/kings-park,680,25,postcode,,-7.9,23.6,520,35,postcode
Kingston Park,5049,Holdfast Bay,1547500,6,7.5,,575,2691,,https://aldo.today/adelaide/kingston-park,660,35,postcode,,-5.7,49.0,495,15,postcode
Kingswood,5062,Mitcham,1594000,14,-6.5,28.8,758,2103,,https://aldo.today/adelaide/kingswood,700,25,postcode,,3.2,27.3,530,20,postcode
Klemzig,5087,Port Adelaide Enfield,1131000,86,23.1,78.8,520,2175,99,https://aldo.today/adelaide/klemzig,650,45,suburb,3.0,6.6,62.5,510,20,suburb
Kudla,5115,Gawler,,0,,,12538,,,https://aldo.today/adelaide/kudla,575,290,postcode,,4.5,64.3,,,none
Kurralta Park,5037,West Torrens,1220000,27,16.7,79.4,332,3675,82,https://aldo.today/adelaide/kurralta-park,680,25,suburb,2.9,-7.5,34.7,500,25,suburb
Largs Bay,5016,Port Adelaide Enfield,1070000,38,3.8,83.7,664,1611,117,https://aldo.today/adelaide/largs-bay,625,30,postcode,,-0.5,45.3,440,15,postcode
Largs North,5016,Port Adelaide Enfield,942500,49,12.5,70.6,628,1501,154,https://aldo.today/adelaide/largs-north,650,15,suburb,3.6,4.8,44.4,395,10,suburb
Leabrook,5068,Burnside,2100000,8,-17,,810,2593,,https://aldo.today/adelaide/leabrook,700,55,postcode,,7.7,40.0,510,10,suburb
Leawood Gardens,5150,Mitcham,,0,,,9712,,,https://aldo.today/adelaide/leawood-gardens,,,none,,,,,,none
Lenswood,5240,Adelaide Hills,,1,,,22457,,,https://aldo.today/adelaide/lenswood,,,none,,,,,,none
Lightsview,5085,Port Adelaide Enfield,850000,128,11.4,77.6,165,,205,https://aldo.today/adelaide/lightsview,665,50,suburb,4.1,3.9,49.4,580,10,suburb
Linden Park,5065,Burnside,1802500,22,1.2,32.4,564,3196,23,https://aldo.today/adelaide/linden-park,780,15,suburb,2.3,-7.1,34.9,550,60,postcode
Lobethal,5241,Adelaide Hills,755000,37,6.3,,1081,698,236,https://aldo.today/adelaide/lobethal,,,none,,,,,,none
Lockleys,5032,West Torrens,1500000,71,21.2,77.5,682,2199,43,https://aldo.today/adelaide/lockleys,735,20,suburb,2.5,13.1,56.4,465,55,postcode
Longwood,5153,Adelaide Hills,,2,,,16083,,,https://aldo.today/adelaide/longwood,,,none,,,,,,none
Lonsdale,5160,Onkaparinga,,0,,,2599,,,https://aldo.today/adelaide/lonsdale,,,none,,,,,,none
Lower Mitcham,5062,Mitcham,1955000,25,36.2,112.8,742,2635,16,https://aldo.today/adelaide/lower-mitcham,700,25,postcode,,3.2,27.3,530,20,postcode
Lynton,5062,Mitcham,1127500,6,-6.1,,1206,935,,https://aldo.today/adelaide/lynton,700,25,postcode,,3.2,27.3,530,20,postcode
Macdonald Park,5121,Playford,,0,,,10151,,,https://aldo.today/adelaide/macdonald-park,600,40,postcode,,3.4,,,,none
Magill,5072,Campbelltown,1332250,127,10.9,74.8,546,2440,65,https://aldo.today/adelaide/magill,720,40,suburb,2.8,7.5,60.0,580,25,suburb
Malvern,5061,Unley,2650750,31,24.4,68.6,681,3892,2,https://aldo.today/adelaide/malvern,760,30,postcode,,-15.6,31.5,560,30,postcode
Manningham,5086,Port Adelaide Enfield,1230000,18,3.1,62.9,729,1687,,https://aldo.today/adelaide/manningham,680,95,postcode,,7.9,70.0,423,25,postcode
Mansfield Park,5012,Port Adelaide Enfield,822500,26,2.8,77.6,437,1882,217,https://aldo.today/adelaide/mansfield-park,550,25,suburb,3.5,-11.3,53.6,358,10,suburb
Marble Hill,5137,Adelaide Hills,,0,,,15227,,,https://aldo.today/adelaide/marble-hill,,,none,,,,,,none
Marden,5070,Norwood Payneham & St Peters,1363750,28,-5.9,,442,3085,60,https://aldo.today/adelaide/marden,700,10,suburb,2.7,3.7,64.7,485,30,suburb
Marino,5049,Marion,1343000,23,-1.6,62.8,856,1569,64,https://aldo.today/adelaide/marino,660,35,postcode,,-5.7,49.0,495,15,postcode
Marion,5043,Marion,1075000,50,8.8,66,655,1641,115,https://aldo.today/adelaide/marion,645,20,suburb,3.1,-3.7,30.3,465,10,suburb
Marleston,5033,West Torrens,1023500,18,6.9,,586,1747,,https://aldo.today/adelaide/marleston,565,10,suburb,,,,460,35,postcode
Marryatville,5068,Norwood Payneham & St Peters,1880000,9,-22.5,,514,3658,,https://aldo.today/adelaide/marryatville,700,55,postcode,,7.7,40.0,520,55,postcode
Maslin Beach,5170,Onkaparinga,952200,24,20.5,,702,1356,152,https://aldo.today/adelaide/maslin-beach,,,none,,,,,,none
Mawson Lakes,5095,Salisbury,865500,150,3,73.1,323,2680,200,https://aldo.today/adelaide/mawson-lakes,650,80,suburb,3.9,4.0,52.9,550,50,suburb
Maylands,5069,Norwood Payneham & St Peters,1530000,13,7.3,27.5,572,2675,,https://aldo.today/adelaide/maylands,710,40,postcode,,4.4,39.2,530,35,postcode
Mclaren Flat,5171,Onkaparinga,935000,24,-5.3,49.7,1135,824,159,https://aldo.today/adelaide/mclaren-flat,673,10,postcode,,,64.1,,,none
Mclaren Vale,5171,Onkaparinga,989000,48,15.7,86.6,897,1103,144,https://aldo.today/adelaide/mclaren-vale,673,10,suburb,3.5,,68.3,,,none
Medindie,5081,Walkerville,2975000,14,-18.8,,845,3521,,https://aldo.today/adelaide/medindie,750,50,postcode,,0.7,63.0,525,40,postcode
Medindie Gardens,5081,Prospect,,1,,,880,,,https://aldo.today/adelaide/medindie-gardens,750,50,postcode,,0.7,63.0,525,40,postcode
Melrose Park,5039,Mitcham,1157500,36,18.4,64.1,712,1626,93,https://aldo.today/adelaide/melrose-park,635,10,suburb,2.9,,,450,20,postcode
Mile End,5031,West Torrens,1135000,62,-4.2,40.1,518,2191,97,https://aldo.today/adelaide/mile-end,650,35,suburb,3.0,0.0,41.3,520,15,suburb
Mile End South,5031,West Torrens,,0,,,701,,,https://aldo.today/adelaide/mile-end-south,668,60,postcode,,2.8,46.8,520,25,postcode
Millswood,5034,Unley,1940000,24,0.5,44.9,758,2559,17,https://aldo.today/adelaide/millswood,680,25,postcode,,-7.9,23.6,520,35,postcode
Mitcham,5062,Mitcham,1647500,22,-10.2,102.1,748,2203,32,https://aldo.today/adelaide/mitcham,700,25,postcode,,3.2,27.3,530,20,postcode
Mitchell Park,5043,Marion,991800,64,5.5,81.1,403,2461,141,https://aldo.today/adelaide/mitchell-park,688,40,suburb,3.6,5.8,67.8,533,45,postcode
Moana,5169,Onkaparinga,1100000,73,25,102.6,631,1743,106,https://aldo.today/adelaide/moana,673,20,suburb,3.2,5.2,54.7,443,35,postcode
Modbury,5092,Tea Tree Gully,894500,86,15.4,91.7,612,1462,184,https://aldo.today/adelaide/modbury,600,40,suburb,3.5,-3.2,55.8,498,10,suburb
Modbury Heights,5092,Tea Tree Gully,912500,97,8.7,93.7,655,1393,170,https://aldo.today/adelaide/modbury-heights,693,30,suburb,3.9,11.8,61.2,510,10,postcode
Modbury North,5092,Tea Tree Gully,886500,95,15.7,95.9,646,1372,186,https://aldo.today/adelaide/modbury-north,650,40,suburb,3.8,6.6,58.5,510,10,postcode
Montacute,5134,Adelaide Hills,,0,,,58550,,,https://aldo.today/adelaide/montacute,,,none,,,,,,none
Morphett Vale,5162,Onkaparinga,793000,435,16.5,108.7,684,1159,224,https://aldo.today/adelaide/morphett-vale,600,145,suburb,3.9,7.1,66.7,505,25,suburb
Morphettville,5043,Marion,1076250,43,18.9,61.8,391,2753,114,https://aldo.today/adelaide/morphettville,598,40,suburb,2.9,-6.6,35.9,540,10,suburb
Mount George,5155,Adelaide Hills,,1,,,34419,,,https://aldo.today/adelaide/mount-george,,,none,,,,,,none
Mount Osmond,5064,Burnside,1786250,8,48.4,,2272,786,,https://aldo.today/adelaide/mount-osmond,760,35,postcode,,-5.0,57.3,555,20,postcode
Munno Para,5115,Playford,695000,175,15.4,123.3,376,1848,253,https://aldo.today/adelaide/munno-para,560,110,suburb,4.2,5.1,67.2,,,none
Munno Para Downs,5115,Playford,737500,32,7.7,,370,1993,238,https://aldo.today/adelaide/munno-para-downs,585,40,suburb,4.1,3.5,,,,none
Munno Para West,5115,Playford,718500,232,12.7,131.4,376,1911,246,https://aldo.today/adelaide/munno-para-west,585,135,suburb,4.2,6.4,62.5,,,none
Mylor,5153,Adelaide Hills,,4,,,12262,,,https://aldo.today/adelaide/mylor,,,none,,,,,,none
Myrtle Bank,5064,Unley,1672500,25,-1.6,50.7,764,2189,31,https://aldo.today/adelaide/myrtle-bank,760,35,postcode,,-5.0,57.3,555,20,postcode
Nailsworth,5083,Prospect,1408972,26,1.4,,606,2325,54,https://aldo.today/adelaide/nailsworth,588,35,postcode,,-6.7,43.4,535,15,suburb
Netherby,5062,Mitcham,2301000,20,-8,66.6,920,2501,8,https://aldo.today/adelaide/netherby,700,25,postcode,,3.2,27.3,530,20,postcode
Netley,5037,West Torrens,1200000,17,26.3,88.4,635,1890,,https://aldo.today/adelaide/netley,685,55,postcode,,5.4,51.2,500,35,postcode
New Port,5015,Port Adelaide Enfield,,3,,,160,,,https://aldo.today/adelaide/new-port,620,45,postcode,,0.8,44.2,575,20,suburb
Newton,5074,Campbelltown,1100000,46,12,77.1,567,1940,107,https://aldo.today/adelaide/newton,655,35,suburb,3.1,2.3,66.7,543,40,postcode
Noarlunga Centre,5168,Onkaparinga,,4,,,270,,,https://aldo.today/adelaide/noarlunga-centre,583,25,postcode,,5.0,71.5,,,none
Noarlunga Downs,5168,Onkaparinga,770000,47,2.7,36.8,627,1228,230,https://aldo.today/adelaide/noarlunga-downs,585,10,suburb,4.0,5.4,64.8,,,none
North Adelaide,5006,Adelaide,2000000,35,-12.4,24.4,260,,14,https://aldo.today/adelaide/north-adelaide,850,50,suburb,2.2,18.1,68.3,550,75,suburb
North Brighton,5048,Holdfast Bay,1597500,32,20.1,106.1,682,2342,36,https://aldo.today/adelaide/north-brighton,850,10,suburb,2.8,,54.5,500,25,postcode
North Haven,5018,Port Adelaide Enfield,1081000,69,15.2,84.8,635,1702,113,https://aldo.today/adelaide/north-haven,685,15,suburb,3.3,7.0,58.2,678,10,suburb
North Plympton,5037,West Torrens,1177560,47,16.6,70.3,432,2726,87,https://aldo.today/adelaide/north-plympton,698,15,suburb,3.1,7.4,52.4,500,35,postcode
Northfield,5085,Port Adelaide Enfield,911000,67,9.8,77.8,392,2324,171,https://aldo.today/adelaide/northfield,585,30,suburb,3.3,-5.6,53.9,242,10,suburb
Northgate,5085,Port Adelaide Enfield,1250000,23,25,52.4,456,2741,77,https://aldo.today/adelaide/northgate,650,30,suburb,,0.0,36.8,450,35,postcode
Norton Summit,5136,Adelaide Hills,,2,,,11609,,,https://aldo.today/adelaide/norton-summit,,,none,,,,,,none
Norwood,5067,Norwood Payneham & St Peters,1780000,48,9.9,69.9,361,4931,24,https://aldo.today/adelaide/norwood,730,50,suburb,2.1,3.5,32.7,620,65,suburb
Novar Gardens,5040,West Torrens,1422000,31,15.6,82.2,613,2320,49,https://aldo.today/adelaide/novar-gardens,,,none,,,,,,none
O'Halloran Hill,5158,Onkaparinga,875500,31,6.1,90.3,727,1204,192,https://aldo.today/adelaide/ohalloran-hill,650,80,postcode,,1.6,54.8,,,none
O'Sullivan Beach,5166,Onkaparinga,780000,41,9.7,115.5,677,1152,227,https://aldo.today/adelaide/osullivan-beach,578,25,suburb,3.9,-0.3,65.1,,,none
Oakbank,5243,Adelaide Hills,,3,,,5889,,,https://aldo.today/adelaide/oakbank,,,none,,,,,,none
Oakden,5086,Port Adelaide Enfield,965250,44,10.3,97,376,2567,151,https://aldo.today/adelaide/oakden,650,15,suburb,3.5,3.5,71.1,423,25,postcode
Oaklands Park,5046,Marion,983000,34,7.6,82,388,2534,146,https://aldo.today/adelaide/oaklands-park,700,20,suburb,3.7,29.6,62.8,515,15,suburb
Old Noarlunga,5168,Onkaparinga,899000,28,28.9,124.8,735,1223,177,https://aldo.today/adelaide/old-noarlunga,580,10,suburb,,5.8,,,,none
Old Reynella,5161,Onkaparinga,810000,47,0,75.1,574,1411,220,https://aldo.today/adelaide/old-reynella,650,15,suburb,4.2,4.8,58.5,,,none
One Tree Hill,5114,Playford,1452500,6,22.8,,31964,45,,https://aldo.today/adelaide/one-tree-hill,560,320,postcode,,3.7,69.7,321,35,postcode
Onkaparinga Heights,5163,Onkaparinga,867500,22,11.2,,403,2153,199,https://aldo.today/adelaide/onkaparinga-heights,580,55,postcode,,4.5,65.7,440,10,postcode
Onkaparinga Hills,5163,Onkaparinga,996750,21,19.8,74.9,951,1048,140,https://aldo.today/adelaide/onkaparinga-hills,580,55,postcode,,4.5,65.7,440,10,postcode
Osborne,5017,Port Adelaide Enfield,837000,38,9.8,82,652,1284,213,https://aldo.today/adelaide/osborne,640,10,suburb,4.0,,,,,none
Ottoway,5013,Port Adelaide Enfield,781000,24,-0.5,82.3,589,1326,225,https://aldo.today/adelaide/ottoway,623,20,suburb,4.1,9.7,78.0,409,20,postcode
Outer Harbor,5018,Port Adelaide Enfield,,0,,,26877,,,https://aldo.today/adelaide/outer-harbor,685,15,postcode,,7.0,58.2,678,10,postcode
Ovingham,5082,Charles Sturt,1375000,7,25.9,,448,3069,,https://aldo.today/adelaide/ovingham,650,65,postcode,,3.2,44.4,480,10,suburb
Panorama,5041,Mitcham,1292500,35,11.1,72.8,742,1742,71,https://aldo.today/adelaide/panorama,735,30,postcode,,7.3,54.7,530,20,postcode
Para Hills,5096,Salisbury,828000,138,15.8,110.6,690,1200,216,https://aldo.today/adelaide/para-hills,600,65,suburb,3.8,6.2,62.2,,,none
Para Hills West,5096,Salisbury,717500,35,-0.9,86.4,604,1188,247,https://aldo.today/adelaide/para-hills-west,600,20,suburb,4.3,0.0,,,,none
Para Vista,5093,Salisbury,860000,39,18.8,98.6,648,1327,202,https://aldo.today/adelaide/para-vista,600,20,suburb,3.6,0.0,53.8,,,none
Paradise,5075,Campbelltown,1050000,78,4,66.3,612,1716,125,https://aldo.today/adelaide/paradise,610,55,suburb,3.0,-6.2,58.4,490,10,suburb
Parafield Gardens,5107,Salisbury,845000,219,14.2,94.1,601,1406,208,https://aldo.today/adelaide/parafield-gardens,600,95,suburb,3.7,3.4,66.7,,,none
Paralowie,5108,Salisbury,765000,251,15,111.9,583,1312,232,https://aldo.today/adelaide/paralowie,590,85,suburb,4.0,3.5,68.6,440,45,postcode
Park Holme,5043,Marion,1059500,26,15.2,76.6,412,2572,120,https://aldo.today/adelaide/park-holme,740,25,suburb,3.6,13.8,87.3,533,45,postcode
Parkside,5063,Unley,1780000,45,14.8,47.7,502,3546,25,https://aldo.today/adelaide/parkside,690,30,suburb,2.0,-1.4,35.3,560,25,suburb
Pasadena,5042,Mitcham,1230750,37,14.5,99.8,806,1527,80,https://aldo.today/adelaide/pasadena,660,10,suburb,2.8,6.5,,495,40,postcode
Payneham,5070,Norwood Payneham & St Peters,1447500,28,25.9,101.9,577,2509,47,https://aldo.today/adelaide/payneham,650,10,suburb,,,,578,20,suburb
Payneham South,5070,Norwood Payneham & St Peters,1660000,18,25.1,72,580,2862,,https://aldo.today/adelaide/payneham-south,700,65,postcode,,7.7,55.6,500,10,suburb
Penfield,5121,Playford,,0,,,40811,,,https://aldo.today/adelaide/penfield,600,40,postcode,,3.4,,,,none
Penfield Gardens,5121,Playford,,0,,,40780,,,https://aldo.today/adelaide/penfield-gardens,600,40,postcode,,3.4,,,,none
Pennington,5013,Charles Sturt,920000,33,15,79.7,590,1559,164,https://aldo.today/adelaide/pennington,500,25,suburb,2.8,-16.7,28.2,409,20,postcode
Peterhead,5016,Port Adelaide Enfield,831500,14,2.5,,423,1966,,https://aldo.today/adelaide/peterhead,625,30,postcode,,-0.5,45.3,440,15,postcode
Piccadilly,5151,Adelaide Hills,,2,,,6244,,,https://aldo.today/adelaide/piccadilly,,,none,,,,,,none
Plympton,5038,West Torrens,1266000,54,23.5,100.2,449,2820,73,https://aldo.today/adelaide/plympton,700,35,suburb,2.9,0.0,52.2,515,40,suburb
Plympton Park,5038,Marion,1250000,54,27.6,98,475,2632,78,https://aldo.today/adelaide/plympton-park,665,30,suburb,2.8,2.3,51.1,530,85,postcode
Pooraka,5095,Salisbury,877500,110,15.3,109.9,613,1431,190,https://aldo.today/adelaide/pooraka,595,40,suburb,3.5,1.7,58.7,540,60,postcode
Port Adelaide,5015,Port Adelaide Enfield,1000000,34,52.3,80.8,294,,139,https://aldo.today/adelaide/port-adelaide,635,25,suburb,,7.6,35.1,550,30,postcode
Port Noarlunga,5167,Onkaparinga,861856,45,-3.4,49.9,696,1238,201,https://aldo.today/adelaide/port-noarlunga,650,15,suburb,3.9,8.3,62.5,380,10,suburb
Port Noarlunga South,5167,Onkaparinga,899000,109,6.5,78,696,1292,178,https://aldo.today/adelaide/port-noarlunga-south,650,15,suburb,3.8,8.3,47.7,415,10,postcode
Port Willunga,5173,Onkaparinga,1025000,29,31.4,131.6,704,1456,131,https://aldo.today/adelaide/port-willunga,600,10,suburb,,8.1,62.2,488,10,postcode
Prospect,5082,Prospect,1505000,125,13.6,107.6,625,2408,41,https://aldo.today/adelaide/prospect,650,60,suburb,2.2,2.4,44.4,498,70,suburb
Queenstown,5014,Port Adelaide Enfield,920000,25,1.1,64.9,407,2260,165,https://aldo.today/adelaide/queenstown,600,60,postcode,,5.3,50.0,500,10,suburb
Redwood Park,5097,Tea Tree Gully,855000,86,13.2,71.9,692,1236,203,https://aldo.today/adelaide/redwood-park,600,15,suburb,3.6,2.0,62.2,550,10,postcode
Regency Park,5010,Port Adelaide Enfield,,3,,,3244,,,https://aldo.today/adelaide/regency-park,650,45,postcode,,8.3,60.5,,,none
Reid,5118,Gawler,,5,,,725,,,https://aldo.today/adelaide/reid,580,90,postcode,,5.5,65.7,490,20,postcode
Renown Park,5008,Charles Sturt,970000,9,4,49.8,421,2304,,https://aldo.today/adelaide/renown-park,610,15,suburb,,-3.6,51.4,475,10,suburb
Reynella,5161,Onkaparinga,837500,112,18.2,98.5,692,1210,212,https://aldo.today/adelaide/reynella,620,30,suburb,3.8,6.9,82.4,,,none
Reynella East,5161,Onkaparinga,805000,32,7.3,78.9,692,1163,222,https://aldo.today/adelaide/reynella-east,635,50,postcode,,5.8,81.4,,,none
Richmond,5033,West Torrens,1085000,40,7.9,83.9,462,2348,112,https://aldo.today/adelaide/richmond,620,20,suburb,3.0,-7.5,55.0,485,15,suburb
Ridgehaven,5097,Tea Tree Gully,895000,73,15.5,88.2,702,1275,183,https://aldo.today/adelaide/ridgehaven,613,30,suburb,3.6,6.6,61.3,550,10,postcode
Ridleyton,5008,Charles Sturt,1060000,13,11.6,,372,2849,,https://aldo.today/adelaide/ridleyton,665,10,suburb,,27.9,72.7,490,35,postcode
Riverlea Park,5120,Playford,875000,102,5.7,,481,1819,195,https://aldo.today/adelaide/riverlea-park,715,35,suburb,4.2,5.1,,,,none
Rose Park,5067,Burnside,3100000,10,1.3,,692,4480,,https://aldo.today/adelaide/rose-park,730,70,postcode,,3.8,32.7,620,100,postcode
Rosewater,5013,Port Adelaide Enfield,897500,50,16.6,103.1,490,1832,179,https://aldo.today/adelaide/rosewater,585,15,suburb,3.4,-4.9,44.4,400,15,suburb
Rosslyn Park,5072,Burnside,1949000,10,11.4,53.5,820,2377,,https://aldo.today/adelaide/rosslyn-park,740,50,postcode,,9.6,62.6,565,30,postcode
Rostrevor,5073,Campbelltown,1280000,120,16.3,71.5,619,2068,72,https://aldo.today/adelaide/rostrevor,690,45,suburb,2.8,6.2,64.3,530,30,postcode
Royal Park,5014,Charles Sturt,937500,41,6.1,78.6,381,2461,158,https://aldo.today/adelaide/royal-park,600,20,suburb,3.3,-4.8,44.6,450,30,postcode
Royston Park,5070,Norwood Payneham & St Peters,1765000,18,-7.6,23,815,2166,,https://aldo.today/adelaide/royston-park,700,65,postcode,,7.7,55.6,550,75,postcode
Salisbury,5108,Salisbury,810500,96,22.6,115.3,715,1134,219,https://aldo.today/adelaide/salisbury,600,70,suburb,3.8,5.3,87.5,440,35,suburb
Salisbury Downs,5108,Salisbury,760000,73,15.1,102.5,643,1182,234,https://aldo.today/adelaide/salisbury-downs,573,35,suburb,3.9,12.4,61.4,440,45,postcode
Salisbury East,5109,Salisbury,814500,132,18.6,123.2,621,1312,218,https://aldo.today/adelaide/salisbury-east,600,50,suburb,3.8,3.4,76.5,500,15,suburb
Salisbury Heights,5109,Salisbury,882500,65,8,71.3,702,1257,188,https://aldo.today/adelaide/salisbury-heights,640,10,suburb,3.8,-1.5,,500,15,postcode
Salisbury North,5108,Salisbury,703000,121,13.4,115,596,1180,250,https://aldo.today/adelaide/salisbury-north,550,80,suburb,4.1,0.0,78.6,440,45,postcode
Salisbury Park,5109,Salisbury,809000,36,16.5,129.8,682,1186,221,https://aldo.today/adelaide/salisbury-park,650,15,suburb,4.2,9.2,,500,15,postcode
Salisbury Plain,5109,Salisbury,695000,19,5.3,103.8,646,1076,,https://aldo.today/adelaide/salisbury-plain,600,110,postcode,,3.4,71.4,500,15,postcode
Salisbury South,5106,Salisbury,,0,,,1820,,,https://aldo.today/adelaide/salisbury-south,,,none,,,,,,none
Sampson Flat,5114,Playford,,0,,,115760,,,https://aldo.today/adelaide/sampson-flat,560,320,postcode,,3.7,69.7,321,35,postcode
Scott Creek,5153,Adelaide Hills,,0,,,40905,,,https://aldo.today/adelaide/scott-creek,,,none,,,,,,none
Seacliff,5049,Holdfast Bay,1681500,28,19.3,97.8,545,3085,30,https://aldo.today/adelaide/seacliff,660,35,postcode,,-5.7,49.0,495,15,postcode
Seacliff Park,5049,Holdfast Bay,1262500,40,6.5,84.3,663,1904,75,https://aldo.today/adelaide/seacliff-park,730,15,suburb,3.0,,64.0,495,15,postcode
Seacombe Gardens,5047,Marion,976944,32,19.9,64.7,361,2706,149,https://aldo.today/adelaide/seacombe-gardens,675,20,suburb,3.6,3.8,50.7,300,10,postcode
Seacombe Heights,5047,Marion,1050000,24,6.1,,833,1261,126,https://aldo.today/adelaide/seacombe-heights,650,55,postcode,,0.0,49.4,300,10,postcode
Seaford,5169,Onkaparinga,896860,74,12.1,77.2,649,1382,181,https://aldo.today/adelaide/seaford,630,25,suburb,3.7,8.6,70.3,443,25,suburb
Seaford Heights,5169,Onkaparinga,873500,63,3.7,56,376,2323,196,https://aldo.today/adelaide/seaford-heights,685,15,suburb,4.1,6.2,,443,35,postcode
Seaford Meadows,5169,Onkaparinga,830500,88,10.3,90,406,2046,215,https://aldo.today/adelaide/seaford-meadows,628,40,suburb,3.9,4.7,51.3,443,35,postcode
Seaford Rise,5169,Onkaparinga,870000,91,13.4,84.2,560,1554,198,https://aldo.today/adelaide/seaford-rise,600,30,suburb,3.6,-7.7,51.9,443,35,postcode
Seaton,5023,Charles Sturt,1100000,141,15.9,89.7,562,1957,108,https://aldo.today/adelaide/seaton,675,65,suburb,3.2,-0.7,57.0,510,30,suburb
Seaview Downs,5049,Marion,1133000,40,15,63.6,792,1431,98,https://aldo.today/adelaide/seaview-downs,660,35,postcode,,-5.7,49.0,495,15,postcode
Sefton Park,5083,Port Adelaide Enfield,1151900,9,-5.6,,643,1791,,https://aldo.today/adelaide/sefton-park,588,35,postcode,,-6.7,43.4,500,30,postcode
Sellicks Beach,5174,Onkaparinga,872000,50,7.7,90.6,729,1196,197,https://aldo.today/adelaide/sellicks-beach,718,10,suburb,4.3,29.4,91.5,,,none
Sellicks Hill,5174,Onkaparinga,,0,,,49458,,,https://aldo.today/adelaide/sellicks-hill,718,10,postcode,,29.4,91.5,,,none
Semaphore,5019,Port Adelaide Enfield,1325000,32,11.8,54.2,475,2789,67,https://aldo.today/adelaide/semaphore,698,15,suburb,2.7,-4.4,36.9,540,15,suburb
Semaphore Park,5019,Charles Sturt,1016250,40,3.2,63.9,536,1896,133,https://aldo.today/adelaide/semaphore-park,620,20,suburb,3.2,0.0,40.9,550,10,suburb
Semaphore South,5019,Port Adelaide Enfield,1336500,13,-1.3,,647,2066,,https://aldo.today/adelaide/semaphore-south,775,10,suburb,,,,600,10,suburb
Sheidow Park,5158,Marion,940000,85,12.6,56.4,616,1526,157,https://aldo.today/adelaide/sheidow-park,665,20,suburb,3.7,5.6,66.3,,,none
Skye,5072,Burnside,,5,,,2669,,,https://aldo.today/adelaide/skye,740,50,postcode,,9.6,62.6,565,30,postcode
Smithfield,5114,Playford,680000,46,23.6,161.5,613,1109,256,https://aldo.today/adelaide/smithfield,530,25,suburb,4.1,4.3,76.7,210,15,suburb
Smithfield Plains,5114,Playford,601000,81,4.5,184.5,504,1192,264,https://aldo.today/adelaide/smithfield-plains,500,55,suburb,4.3,0.0,61.3,320,10,suburb
Somerton Park,5044,Holdfast Bay,2420000,74,12.6,143.8,649,3729,4,https://aldo.today/adelaide/somerton-park,780,20,suburb,1.7,4.0,41.8,573,10,suburb
South Brighton,5048,Holdfast Bay,1525000,35,18.2,89.4,583,2616,40,https://aldo.today/adelaide/south-brighton,675,15,suburb,2.3,,,500,25,postcode
South Plympton,5038,Marion,1235000,54,21.1,86.3,536,2304,79,https://aldo.today/adelaide/south-plympton,650,30,suburb,2.7,-3.7,53.7,545,10,suburb
Springfield,5062,Mitcham,2640000,7,5.6,,1339,1972,,https://aldo.today/adelaide/springfield,700,25,postcode,,3.2,27.3,530,20,postcode
St Agnes,5097,Tea Tree Gully,891500,53,10,85.3,693,1286,185,https://aldo.today/adelaide/st-agnes,650,25,suburb,3.8,4.0,50.1,550,10,postcode
St Clair,5011,Charles Sturt,1110000,28,8.5,,134,,102,https://aldo.today/adelaide/st-clair,630,25,suburb,3.0,5.0,57.5,488,60,postcode
St Georges,5064,Burnside,2060000,16,-10.4,47.1,735,2803,,https://aldo.today/adelaide/st-georges,760,35,postcode,,-5.0,57.3,555,20,postcode
St Kilda,5110,Salisbury,,2,,,1518,,,https://aldo.today/adelaide/st-kilda,600,45,postcode,,2.0,71.4,,,none
St Marys,5042,Mitcham,1056250,25,15.4,75,693,1524,121,https://aldo.today/adelaide/st-marys,625,15,suburb,3.1,4.2,37.4,470,10,suburb
St Morris,5068,Norwood Payneham & St Peters,1530000,13,16.9,82.1,620,2468,,https://aldo.today/adelaide/st-morris,730,10,suburb,,33.9,,520,55,postcode
St Peters,5069,Norwood Payneham & St Peters,2480000,38,11.7,38.5,734,3379,3,https://aldo.today/adelaide/st-peters,790,10,suburb,1.7,18.8,,515,15,suburb
Stepney,5069,Norwood Payneham & St Peters,1432500,13,6.7,,473,3029,,https://aldo.today/adelaide/stepney,710,40,postcode,,4.4,39.2,530,35,postcode
Stirling,5152,Adelaide Hills,1645000,54,13.4,86.9,1980,831,33,https://aldo.today/adelaide/stirling,,,none,,,,,,none
Stonyfell,5066,Burnside,1675000,19,1.5,19.6,835,2006,,https://aldo.today/adelaide/stonyfell,770,30,postcode,,-4.9,32.8,500,15,postcode
Sturt,5047,Marion,920000,31,8.8,75.9,414,2222,166,https://aldo.today/adelaide/sturt,690,25,suburb,3.9,6.2,60.5,300,10,postcode
Summertown,5141,Adelaide Hills,1371250,8,20.8,,2925,469,,https://aldo.today/adelaide/summertown,,,none,,,,,,none
Surrey Downs,5126,Tea Tree Gully,838500,55,14.1,90.6,643,1304,211,https://aldo.today/adelaide/surrey-downs,660,15,suburb,4.1,17.2,69.2,,,none
Taperoo,5017,Port Adelaide Enfield,850000,33,12.3,77.8,493,1724,206,https://aldo.today/adelaide/taperoo,550,20,suburb,3.4,5.6,66.7,,,none
Tatachilla,5171,Onkaparinga,,0,,,19963,,,https://aldo.today/adelaide/tatachilla,673,10,postcode,,,64.1,,,none
Tea Tree Gully,5091,Tea Tree Gully,915000,51,8.3,89.4,739,1238,169,https://aldo.today/adelaide/tea-tree-gully,635,10,suburb,3.6,5.8,,,,none
Tennyson,5022,Charles Sturt,3672500,16,66.6,,531,6916,,https://aldo.today/adelaide/tennyson,828,75,postcode,,10.7,50.5,525,65,postcode
Teringie,5072,Adelaide Hills,1341000,8,18.1,,2432,551,,https://aldo.today/adelaide/teringie,740,50,postcode,,9.6,62.6,565,30,postcode
The Range,5172,Onkaparinga,,0,,,125395,,,https://aldo.today/adelaide/the-range,,,none,,,,,,none
Thebarton,5031,West Torrens,1495000,13,66.9,,453,3300,,https://aldo.today/adelaide/thebarton,668,60,postcode,,2.8,46.8,520,25,postcode
Thorngate,5082,Prospect,,1,,,876,,,https://aldo.today/adelaide/thorngate,650,65,postcode,,3.2,44.4,500,80,postcode
Tonsley,5042,Marion,804875,40,17.8,51.9,95,,223,https://aldo.today/adelaide/tonsley,670,15,suburb,4.3,3.1,,296,15,suburb
Toorak Gardens,5065,Burnside,2850000,20,14.5,,866,3291,1,https://aldo.today/adelaide/toorak-gardens,780,40,postcode,,-6.0,23.8,540,15,suburb
Torrens Park,5062,Mitcham,2340000,21,63.6,112.1,741,3158,6,https://aldo.today/adelaide/torrens-park,700,25,postcode,,3.2,27.3,530,20,postcode
Torrensville,5031,West Torrens,1045000,48,-10.9,35.6,670,1560,127,https://aldo.today/adelaide/torrensville,675,20,suburb,3.4,1.5,53.4,525,10,suburb
Tranmere,5073,Campbelltown,1368000,63,1.3,78.8,498,2747,59,https://aldo.today/adelaide/tranmere,680,30,suburb,2.6,-6.2,51.1,530,30,postcode
Trinity Gardens,5068,Norwood Payneham & St Peters,1606300,15,0.4,,819,1961,,https://aldo.today/adelaide/trinity-gardens,700,55,postcode,,7.7,40.0,520,55,postcode
Trott Park,5158,Marion,885000,35,13,67.6,671,1319,187,https://aldo.today/adelaide/trott-park,650,80,postcode,,1.6,54.8,,,none
Tusmore,5065,Burnside,2685000,15,45.1,123.7,839,3200,,https://aldo.today/adelaide/tusmore,780,40,postcode,,-6.0,23.8,550,60,postcode
Uleybury,5114,Playford,,0,,,41477,,,https://aldo.today/adelaide/uleybury,560,320,postcode,,3.7,69.7,321,35,postcode
Underdale,5032,West Torrens,1130000,21,-3.6,28.3,664,1702,100,https://aldo.today/adelaide/underdale,620,15,suburb,2.9,,57.0,490,10,suburb
Unley,5061,Unley,2100000,26,7.8,76.1,527,3985,11,https://aldo.today/adelaide/unley,770,15,suburb,1.9,0.0,34.4,625,20,suburb
Unley Park,5061,Unley,3037500,16,2.1,52.3,938,3238,,https://aldo.today/adelaide/unley-park,760,30,postcode,,-15.6,31.5,560,30,postcode
Upper Sturt,5156,Adelaide Hills,1085000,12,5.2,,2204,492,,https://aldo.today/adelaide/upper-sturt,,,none,,,,,,none
Uraidla,5142,Adelaide Hills,1170000,7,4.1,,2361,496,,https://aldo.today/adelaide/uraidla,,,none,,,,,,none
Urrbrae,5064,Mitcham,1455000,16,-9.3,,840,1732,,https://aldo.today/adelaide/urrbrae,760,35,postcode,,-5.0,57.3,555,20,postcode
Vale Park,5081,Walkerville,1562500,38,15.1,62,630,2480,37,https://aldo.today/adelaide/vale-park,750,10,suburb,2.5,1.4,66.7,525,40,postcode
Valley View,5093,Salisbury,920000,136,14.6,84,692,1329,167,https://aldo.today/adelaide/valley-view,650,45,suburb,3.7,8.3,62.5,,,none
Virginia,5120,Playford,848000,104,7.4,44.7,663,1279,207,https://aldo.today/adelaide/virginia,630,30,suburb,3.9,5.0,96.9,,,none
Vista,5091,Tea Tree Gully,965000,16,16,,728,1326,,https://aldo.today/adelaide/vista,650,30,postcode,,10.2,54.8,,,none
Walkerville,5081,Walkerville,2300000,29,-8.2,66.1,632,3639,9,https://aldo.today/adelaide/walkerville,773,20,suburb,1.7,,,610,20,suburb
Walkley Heights,5098,Salisbury,1100000,31,17.5,82.6,541,2033,109,https://aldo.today/adelaide/walkley-heights,628,80,postcode,,8.3,65.3,,,none
Warradale,5046,Marion,1355000,88,17.8,99.6,459,2952,61,https://aldo.today/adelaide/warradale,750,25,suburb,2.9,7.1,47.1,550,20,postcode
Waterfall Gully,5066,Burnside,,5,,,3377,,,https://aldo.today/adelaide/waterfall-gully,770,30,postcode,,-4.9,32.8,500,15,postcode
Waterloo Corner,5110,Playford,,0,,,28208,,,https://aldo.today/adelaide/waterloo-corner,600,45,postcode,,2.0,71.4,,,none
Wattle Park,5066,Burnside,1970000,29,23.1,38.7,815,2417,15,https://aldo.today/adelaide/wattle-park,770,30,postcode,,-4.9,32.8,500,15,postcode
Wayville,5034,Unley,1760000,8,-14.7,,623,2825,,https://aldo.today/adelaide/wayville,680,25,postcode,,-7.9,23.6,500,10,suburb
Welland,5007,Charles Sturt,1332500,11,29.4,,795,1676,,https://aldo.today/adelaide/welland,650,65,postcode,,4.8,35.4,480,85,postcode
West Beach,5024,Charles Sturt,1626000,64,11.2,37.4,606,2683,34,https://aldo.today/adelaide/west-beach,715,15,suburb,2.3,-8.1,43.0,520,25,suburb
West Croydon,5008,Charles Sturt,1225000,49,10.6,41.3,677,1809,81,https://aldo.today/adelaide/west-croydon,595,30,suburb,2.5,-2.5,58.7,490,35,postcode
West Hindmarsh,5007,Charles Sturt,1195000,13,7.7,87.7,585,2043,,https://aldo.today/adelaide/west-hindmarsh,640,10,suburb,,-4.5,,480,85,postcode
West Lakes,5021,Charles Sturt,1350000,91,-1.5,10.4,485,2784,63,https://aldo.today/adelaide/west-lakes,773,30,suburb,3.0,10.4,61.0,650,15,suburb
West Lakes Shore,5020,Charles Sturt,1300000,44,0,59.5,597,2178,70,https://aldo.today/adelaide/west-lakes-shore,583,10,suburb,2.3,-16.7,,,,none
West Richmond,5033,West Torrens,1074750,18,33.3,,692,1553,,https://aldo.today/adelaide/west-richmond,620,50,postcode,,-2.8,55.0,460,35,postcode
Westbourne Park,5041,Mitcham,1852000,14,7.7,77.2,748,2476,,https://aldo.today/adelaide/westbourne-park,715,10,suburb,,,,525,10,suburb
Whites Valley,5172,Onkaparinga,,0,,,40793,,,https://aldo.today/adelaide/whites-valley,,,none,,,,,,none
Willaston,5118,Gawler,717500,72,13.4,106.5,715,1003,248,https://aldo.today/adelaide/willaston,585,20,suburb,4.2,7.3,72.1,490,20,postcode
Willunga,5172,Onkaparinga,1038625,42,4.2,72.4,1034,1004,128,https://aldo.today/adelaide/willunga,,,none,,,,,,none
Willunga South,5172,Onkaparinga,,2,,,20816,,,https://aldo.today/adelaide/willunga-south,,,none,,,,,,none
Windsor Gardens,5087,Port Adelaide Enfield,985000,86,15.9,86.2,493,1998,145,https://aldo.today/adelaide/windsor-gardens,600,35,suburb,3.2,-7.0,41.2,495,20,suburb
Wingfield,5013,Port Adelaide Enfield,,1,,,740,,,https://aldo.today/adelaide/wingfield,560,70,postcode,,-4.3,53.4,409,20,postcode
Woodcroft,5162,Onkaparinga,905000,135,12,80.9,602,1503,175,https://aldo.today/adelaide/woodcroft,630,30,suburb,3.6,5.0,53.7,505,25,postcode
Woodforde,5072,Adelaide Hills,1179000,9,7.2,,466,2530,,https://aldo.today/adelaide/woodforde,755,10,suburb,,10.2,,565,30,postcode
Woodside,5244,Adelaide Hills,923875,48,12,,1131,817,162,https://aldo.today/adelaide/woodside,605,15,suburb,3.4,,63.5,,,none
Woodville,5011,Charles Sturt,1010000,11,33.4,,731,1382,,https://aldo.today/adelaide/woodville,650,85,postcode,,8.3,62.5,535,10,suburb
Woodville Gardens,5012,Port Adelaide Enfield,890000,19,61.2,58.9,473,1882,,https://aldo.today/adelaide/woodville-gardens,600,50,postcode,,-0.5,100.0,350,10,suburb
Woodville North,5012,Charles Sturt,900000,21,9.7,84.6,658,1368,176,https://aldo.today/adelaide/woodville-north,650,10,suburb,3.8,8.3,,300,10,suburb
Woodville Park,5011,Charles Sturt,1123000,19,-1.5,,703,1597,,https://aldo.today/adelaide/woodville-park,650,85,postcode,,8.3,62.5,473,15,suburb
Woodville South,5011,Charles Sturt,1055000,37,11.9,75.2,618,1707,122,https://aldo.today/adelaide/woodville-south,665,15,suburb,3.3,9.9,47.8,490,15,suburb
Woodville West,5011,Charles Sturt,1073000,63,18,77.1,410,2617,116,https://aldo.today/adelaide/woodville-west,665,30,suburb,3.2,5.6,62.2,478,20,suburb
Wynn Vale,5127,Tea Tree Gully,897000,64,15.7,69.2,665,1349,180,https://aldo.today/adelaide/wynn-vale,600,10,suburb,3.5,0.0,36.4,,,none
Yatala Vale,5126,Tea Tree Gully,,0,,,7686,,,https://aldo.today/adelaide/yatala-vale,660,30,postcode,,12.8,69.2,,,none
Yattalunga,5114,Playford,,0,,,77875,,,https://aldo.today/adelaide/yattalunga,560,320,postcode,,3.7,69.7,321,35,postcode
